{
    "1": {
        "x": 0,
        "y": 0,
        "w": 200,
        "h": 60
    },
    "2": {
        "x": 0,
        "y": 0,
        "w": 200,
        "h": 60
    },
    "3": {
        "x": 0,
        "y": 0,
        "w": 200,
        "h": 60
    },
    "4": {
        "x": 0,
        "y": 0,
        "w": 200,
        "h": 60
    },
    "5": {
        "x": 0,
        "y": 0,
        "w": 200,
        "h": 60
    },
    "6": {
        "x": 0,
        "y": 0,
        "w": 200,
        "h": 60
    },
    "7": {
        "x": 0,
        "y": 0,
        "w": 200,
        "h": 60
    },
    "8": {
        "x": 0,
        "y": 0,
        "w": 200,
        "h": 60
    },
    "9": {
        "x": 0,
        "y": 0,
        "w": 200,
        "h": 60
    },
    "10": {
        "x": 0,
        "y": 0,
        "w": 200,
        "h": 60
    },
    "11": {
        "x": 0,
        "y": 0,
        "w": 200,
        "h": 60
    },
    "12": {
        "x": 0,
        "y": 0,
        "w": 200,
        "h": 60
    },
    "13": {
        "x": 0,
        "y": 0,
        "w": 200,
        "h": 60
    },
    "14": {
        "x": 0,
        "y": 0,
        "w": 200,
        "h": 60
    },
    "15": {
        "x": 0,
        "y": 0,
        "w": 200,
        "h": 60
    },
    "16": {
        "x": 0,
        "y": 0,
        "w": 200,
        "h": 60
    }
}